Workbook

Sheet Tools
A1: @id | B1: @type | C1: isRef_conformsTo | D1: isRef_pcdm:memberOf | E1: name | F1: datePublished | G1: .Release Date | H1: .Status | I1: isRef_publisher | J1: isRef_publisher | K1: isRef_publisher | L1: isRef_author | M1: isRef_author | N1: programmingLanguage | O1: url | P1: description | Q1: custom:dataFormat | R1: custom:guideURL | S1: creditText | T1: .Short description | U1: .Long description | V1: .Image | W1: custom:codeURL | X1: .Example use | Y1: custom:additionalNotes | Z1: .analytics
A2: ="arcp://name," & SUBSTITUTE(SUBSTITUTE(SUBSTITUTE(E2, " ", ""), "(", ""), ")", "") -> arcp://name,AnonymisingELANFiles | B2: SoftwareApplication | C2: https://w3id.org/ldac/profile#SoftwareTool | D2: =RootDataset!$B$2 -> ./ | E2: Anonymising ELAN Files | F2: 46123 | I2: =Orgs_People!$A$3 -> https://ror.org/019wvm592 | L2: =Orgs_People!$A$22 -> https://orcid.org/0000-0003-4904-2941 | N2: Python | O2: https://github.com/Supertyp/Anonymising_ELAN_files | P2: Anonymise content of ELAN files | Q2: eaf (ELAN file) | T2: Anonymises the content of ELAN files | W2: https://github.com/Supertyp/Anonymising_ELAN_files
A3: ="arcp://name," & SUBSTITUTE(SUBSTITUTE(SUBSTITUTE(E3, " ", ""), "(", ""), ")", "") -> arcp://name,CollocationAnalyser | B3: SoftwareApplication | C3: https://w3id.org/ldac/profile#SoftwareTool | D3: =RootDataset!$B$2 -> ./ | E3: Collocation Analyser | F3: 46123 | I3: =Orgs_People!$A$2 -> https://ror.org/00rqy9422 | J3: =Orgs_People!$A$10 -> https://github.com/SLCLADAL/ladal | L3: =Orgs_People!$A$16 -> https://orcid.org/0000-0003-1923-9153 | N3: R | O3: https://ladal.edu.au/tools.html#jupyter-tools | P3: Calculates various association measures (collocation statistics) based on textual input and allows you to download the resulting table | Q3: txt | T3: Calculates association measures to identify which words significantly collocate with a target word | W3: https://ladal.edu.au/tools.html#collocation-analyser | Z3: 1
A4: ="arcp://name," & SUBSTITUTE(SUBSTITUTE(SUBSTITUTE(E4, " ", ""), "(", ""), ")", "") -> arcp://name,CollocationCalculator | B4: SoftwareApplication | C4: https://w3id.org/ldac/profile#SoftwareTool | D4: =RootDataset!$B$2 -> ./ | E4: CollocationCalculator | F4: 46123 | I4: =Orgs_People!$A$2 -> https://ror.org/00rqy9422 | J4: =Orgs_People!$A$10 -> https://github.com/SLCLADAL/ladal | L4: =Orgs_People!$A$16 -> https://orcid.org/0000-0003-1923-9153 | N4: Browser-based | O4: https://ladal.edu.au/tools.html#shiny-tools | P4: Collocation association measures | Q4: txt | T4: Calculates association measures to identify which words significantly collocate with a target word | W4: https://ladal.edu.au/tools.html#collocationcalculator | Z4: 1
A5: ="arcp://name," & SUBSTITUTE(SUBSTITUTE(SUBSTITUTE(E5, " ", ""), "(", ""), ")", "") -> arcp://name,ConcordanceExplorer | B5: SoftwareApplication | C5: https://w3id.org/ldac/profile#SoftwareTool | D5: =RootDataset!$B$2 -> ./ | E5: Concordance Explorer | F5: 46123 | I5: =Orgs_People!$A$2 -> https://ror.org/00rqy9422 | J5: =Orgs_People!$A$10 -> https://github.com/SLCLADAL/ladal | L5: =Orgs_People!$A$16 -> https://orcid.org/0000-0003-1923-9153 | N5: R | O5: https://ladal.edu.au/tools.html#jupyter-tools | P5: Create Keyword-in-Context displays of words or phrases in a single text or collection of texts and to download the resulting table | Q5: txt | T5: Searches for words or phrases and displays them in KWIC (Keyword-in-Context) format | W5: https://ladal.edu.au/tools.html#concordance-explorer | Z5: 1
A6: ="arcp://name," & SUBSTITUTE(SUBSTITUTE(SUBSTITUTE(E6, " ", ""), "(", ""), ")", "") -> arcp://name,Concordancer | B6: SoftwareApplication | C6: https://w3id.org/ldac/profile#SoftwareTool | D6: =RootDataset!$B$2 -> ./ | E6: Concordancer | F6: 46123 | H6: Also as part of the new WebApp | I6: =Orgs_People!$A$5 -> https://ror.org/0384j8v12 | J6: =Orgs_People!$A$8 -> https://github.com/Sydney-Informatics-Hub | L6: =Orgs_People!A15 -> https://orcid.org/0000-0002-3616-6235 | N6: Python | O6: https://github.com/Australian-Text-Analytics-Platform/atap_widgets | P6: A concordancer that demos how to analyse turn-taking pairs in a concordancer | Q6: csv, xlsx, plain txt; also zip archive with the supported file formats | R6: https://github.com/Australian-Text-Analytics-Platform/atap_widgets/blob/main/docs/concordance_help_pages.pdf | S6: Bednarek, M., Mather, M., Maras, K., & Croser, H. (2023). ATAP Concordancer (v0.5.4) [Computer software]. https://github.com/Australian-Text-Analytics-Platform/atap_widgets. DOI. https://doi.org/10.5281/zenodo.10086731 | T6: Demonstrates how to analyse turn-taking pairs in a concordancer | V6: concordancer.png | W6: https://github.com/Australian-Text-Analytics-Platform/atap_widgets | Z6: 1
A7: ="arcp://name," & SUBSTITUTE(SUBSTITUTE(SUBSTITUTE(E7, " ", ""), "(", ""), ")", "") -> arcp://name,Crate-O | B7: SoftwareApplication | C7: https://w3id.org/ldac/profile#SoftwareTool | D7: =RootDataset!$B$2 -> ./ | E7: Crate-O | F7: 46123 | H7: Maintained | I7: =Orgs_People!A2 -> https://ror.org/00rqy9422 | J7: =Orgs_People!A7 -> https://github.com/Language-Research-Technology | L7: =Orgs_People!A17 -> https://orcid.org/0000-0002-4438-2755 | N7: Browser-based | O7: https://github.com/Language-Research-Technology/crate-o | P7: Browser-based editor for RO Crates | Q7: Various - text, video, audio, image, etc. | R7: https://www.ldaca.edu.au/resources/user-guides/crate-o/ | T7: Allows you to create and update Research Object Crates (RO-Crates) | U7: This browser-based tool allows you to create and update Research Object Crates (RO-Crates), either using the web interface or with metadata from a spreadsheet. RO-Crate is a flexible, developer-friendly approach to linked-data description and packaging. | V7: crate-o.png | W7: https://github.com/Language-Research-Technology/crate-o
A8: ="arcp://name," & SUBSTITUTE(SUBSTITUTE(SUBSTITUTE(E8, " ", ""), "(", ""), ")", "") -> arcp://name,Discursis | B8: SoftwareApplication | C8: https://w3id.org/ldac/profile#SoftwareTool | D8: =RootDataset!$B$2 -> ./ | E8: Discursis | F8: 46123 | I8: =Orgs_People!$A$5 -> https://ror.org/0384j8v12 | J8: =Orgs_People!$A$8 -> https://github.com/Sydney-Informatics-Hub | N8: Python | O8: https://github.com/Australian-Text-Analytics-Platform/discursis | P8: A conversational analysis and visualisation tool | Q8: csv, xlsx | R8: https://raw.githubusercontent.com/Australian-Text-Analytics-Platform/discursis/master/docs/Discursis%20User%20Guide.pdf | S8: Not provided | T8: A conversational analysis and visualisation tool | V8: discursis.png | W8: https://github.com/Australian-Text-Analytics-Platform/discursis | Y8: Based on Angus et al | Z8: 1
A9: ="arcp://name," & SUBSTITUTE(SUBSTITUTE(SUBSTITUTE(E9, " ", ""), "(", ""), ")", "") -> arcp://name,DocumentSimilarity | B9: SoftwareApplication | C9: https://w3id.org/ldac/profile#SoftwareTool | D9: =RootDataset!$B$2 -> ./ | E9: Document Similarity | F9: 46123 | H9: Full stack migration planned | I9: =Orgs_People!$A$5 -> https://ror.org/0384j8v12 | J9: =Orgs_People!$A$8 -> https://github.com/Sydney-Informatics-Hub | L9: =Orgs_People!$A$21 -> #SonyJufri | M9: =Orgs_People!$A$12 -> https://orcid.org/0000-0002-1428-2649 | N9: Python | O9: https://github.com/Australian-Text-Analytics-Platform/document-similarity | P9: Identifies identical and similar text in a corpus | Q9: csv, xlsx, plain txt; also zip archive with the supported file formats | R9: https://github.com/Australian-Text-Analytics-Platform/document-similarity/blob/main/documents/docsim-help-pages.pdf | S9: Jufri, Sony & Sun, Chao (2024). Document Similarity. v1.2. Australian Text Analytics Platform. Software. https://github.com/Australian-Text-Analytics-Platform/document-similarity | T9: Identifies identical and similar text in a corpus | V9: document-similarity.png | W9: https://github.com/Australian-Text-Analytics-Platform/document-similarity | Z9: 1
A10: ="arcp://name," & SUBSTITUTE(SUBSTITUTE(SUBSTITUTE(E10, " ", ""), "(", ""), ")", "") -> arcp://name,ELANAnnotationSplitter | B10: SoftwareApplication | C10: https://w3id.org/ldac/profile#SoftwareTool | D10: =RootDataset!$B$2 -> ./ | E10: ELAN Annotation Splitter | F10: 46123 | I10: =Orgs_People!$A$3 -> https://ror.org/019wvm592 | L10: =Orgs_People!$A$22 -> https://orcid.org/0000-0003-4904-2941 | N10: Software program | O10: https://github.com/Supertyp/ELAN_apps/ | P10: Allows to split annotations context depending across a folder full of Elan files. This is a standalone desktop appplication for PC and Mac, not a notebook | Q10: eaf (ELAN file) | T10: Allows you to split ELAN annotations | W10: https://github.com/Supertyp/ELAN_apps/
A11: ="arcp://name," & SUBSTITUTE(SUBSTITUTE(SUBSTITUTE(E11, " ", ""), "(", ""), ")", "") -> arcp://name,ELANAudioSegmentation | B11: SoftwareApplication | C11: https://w3id.org/ldac/profile#SoftwareTool | D11: =RootDataset!$B$2 -> ./ | E11: ELAN Audio Segmentation | F11: 46123 | I11: =Orgs_People!$A$3 -> https://ror.org/019wvm592 | L11: =Orgs_People!$A$22 -> https://orcid.org/0000-0003-4904-2941 | N11: Software program | O11: https://github.com/Supertyp/ELAN_apps/ | P11: App which takes a audio or video file as imput and creates a ELAN file with empty annotations wherever a voice is heard in the audio | Q11: wav | T11: Creates an ELAN file with empty annotations wherever a voice is heard in an audio or video file | W11: https://github.com/Supertyp/ELAN_apps/
A12: ="arcp://name," & SUBSTITUTE(SUBSTITUTE(SUBSTITUTE(E12, " ", ""), "(", ""), ")", "") -> arcp://name,ELANCommander | B12: SoftwareApplication | C12: https://w3id.org/ldac/profile#SoftwareTool | D12: =RootDataset!$B$2 -> ./ | E12: ELAN Commander | F12: 46123 | I12: =Orgs_People!$A$3 -> https://ror.org/019wvm592 | L12: =Orgs_People!$A$22 -> https://orcid.org/0000-0003-4904-2941 | N12: Browser-based | O12: https://www.gerlingo.com/ELAN_commander.html | P12: Web application to find unwanted characters in annotations | Q12: eaf (ELAN file) | T12: Finds unwanted characters in ELAN annotations | W12: https://www.gerlingo.com/ELAN_commander.html
A13: ="arcp://name," & SUBSTITUTE(SUBSTITUTE(SUBSTITUTE(E13, " ", ""), "(", ""), ")", "") -> arcp://name,ELANInventory | B13: SoftwareApplication | C13: https://w3id.org/ldac/profile#SoftwareTool | D13: =RootDataset!$B$2 -> ./ | E13: ELAN Inventory | F13: 46123 | I13: =Orgs_People!$A$3 -> https://ror.org/019wvm592 | L13: =Orgs_People!$A$22 -> https://orcid.org/0000-0003-4904-2941 | N13: Browser-based | O13: https://www.gerlingo.com/config_maker.html | P13: Web application to access the inventory of a transcription collection and to create config files to load a collection into ANNIS | Q13: eaf (ELAN file) | T13: Summarises ELAN files and compiles configuration files to create an ANNIS corpus | W13: https://www.gerlingo.com/config_maker.html
A14: ="arcp://name," & SUBSTITUTE(SUBSTITUTE(SUBSTITUTE(E14, " ", ""), "(", ""), ")", "") -> arcp://name,ELANReplacer | B14: SoftwareApplication | C14: https://w3id.org/ldac/profile#SoftwareTool | D14: =RootDataset!$B$2 -> ./ | E14: ELAN Replacer | F14: 46123 | I14: =Orgs_People!$A$3 -> https://ror.org/019wvm592 | L14: =Orgs_People!$A$22 -> https://orcid.org/0000-0003-4904-2941 | N14: Software program | O14: https://github.com/Supertyp/ELAN_apps/ | P14: Allows context depending search and replace functionality across a folder full of elan files. Saves hours of manual work for any spelling changes in transcription. This is a stand alone software application for PC and Mac, not a notebook | Q14: eaf (ELAN file) | T14: Enables context-dependent search and replace functionality across ELAN files | W14: https://github.com/Supertyp/ELAN_apps/
A15: ="arcp://name," & SUBSTITUTE(SUBSTITUTE(SUBSTITUTE(E15, " ", ""), "(", ""), ")", "") -> arcp://name,FileRenamer | B15: SoftwareApplication | C15: https://w3id.org/ldac/profile#SoftwareTool | D15: =RootDataset!$B$2 -> ./ | E15: FileRenamer | F15: 46123 | I15: =Orgs_People!$A$2 -> https://ror.org/00rqy9422 | J15: =Orgs_People!$A$10 -> https://github.com/SLCLADAL/ladal | L15: =Orgs_People!$A$16 -> https://orcid.org/0000-0003-1923-9153 | N15: Browser-based | O15: https://ladal.edu.au/tools.html#shiny-tools | P15: Batch rename plain-text files | Q15: txt | T15: Batch renames plain-text files | W15: https://ladal.edu.au/tools.html#filerenamer
A16: ="arcp://name," & SUBSTITUTE(SUBSTITUTE(SUBSTITUTE(E16, " ", ""), "(", ""), ")", "") -> arcp://name,ImageDatasetExplorer | B16: SoftwareApplication | C16: https://w3id.org/ldac/profile#SoftwareTool | D16: =RootDataset!$B$2 -> ./ | E16: Image Dataset Explorer | F16: 46123 | I16: =Orgs_People!A2 -> https://ror.org/00rqy9422 | J16: =Orgs_People!A11 -> https://hass.uq.edu.au/centre-digital-cultures-societies | K16: =Orgs_People!A7 -> https://github.com/Language-Research-Technology | L16: =Orgs_People!A13 -> https://orcid.org/0009-0008-4603-9521 | M16: =Orgs_People!A20 -> https://orcid.org/0000-0002-1824-2361 | N16: Python | O16: https://github.com/Language-Research-Technology/image-dataset-explorer | P16: Embeds images from a zip file using off the shelf image embeddings, then creates a static HTML visualisation for browsing/exploring clusters and relations | Q16: zip archive with jpeg and/or png files | T16: Embeds images and creates a static HTML visualisation for exploring clusters and relations | U16: This notebook provides options for exploring large image datasets, through the use of K nearest neighbour graphs and other methods. It ingests a zip file containing images, returns a HTML file (giving options for visual exploration of the dataset) and provides some basic visualisations. | V16: image-dataset-explorer.png | W16: https://github.com/Language-Research-Technology/image-dataset-explorer | Z16: 1
A17: ="arcp://name," & SUBSTITUTE(SUBSTITUTE(SUBSTITUTE(E17, " ", ""), "(", ""), ")", "") -> arcp://name,KeywordFinder | B17: SoftwareApplication | C17: https://w3id.org/ldac/profile#SoftwareTool | D17: =RootDataset!$B$2 -> ./ | E17: Keyword Finder | F17: 46123 | I17: =Orgs_People!$A$2 -> https://ror.org/00rqy9422 | J17: =Orgs_People!$A$10 -> https://github.com/SLCLADAL/ladal | L17: =Orgs_People!$A$16 -> https://orcid.org/0000-0003-1923-9153 | N17: R | O17: https://ladal.edu.au/tools.html#jupyter-tools | P17: Calculates various keyness measures describing how words are over or under-represented in the texts you provide, compared to your chosen reference text corpus | Q17: txt | T17: Identifies words that are distinctive in a target corpus compared to a reference corpus | W17: https://ladal.edu.au/tools.html#keyword-finder | Z17: 1
A18: ="arcp://name," & SUBSTITUTE(SUBSTITUTE(SUBSTITUTE(E18, " ", ""), "(", ""), ")", "") -> arcp://name,KeywordExtractor | B18: SoftwareApplication | C18: https://w3id.org/ldac/profile#SoftwareTool | D18: =RootDataset!$B$2 -> ./ | E18: KeywordExtractor | F18: 46123 | I18: =Orgs_People!$A$2 -> https://ror.org/00rqy9422 | J18: =Orgs_People!$A$10 -> https://github.com/SLCLADAL/ladal | L18: =Orgs_People!$A$16 -> https://orcid.org/0000-0003-1923-9153 | N18: Browser-based | O18: https://ladal.edu.au/tools.html#shiny-tools | P18: Keyness analysis vs. a reference corpus | Q18: txt | T18: Identifies words that are over- or under-represented compared to a reference corpus | W18: https://ladal.edu.au/tools.html#keywordextractor | Z18: 1
A19: ="arcp://name," & SUBSTITUTE(SUBSTITUTE(SUBSTITUTE(E19, " ", ""), "(", ""), ")", "") -> arcp://name,KeywordsAnalysis | B19: SoftwareApplication | C19: https://w3id.org/ldac/profile#SoftwareTool | D19: =RootDataset!$B$2 -> ./ | E19: Keywords Analysis | F19: 46123 | H19: Also as part of the new WebApp | I19: =Orgs_People!$A$5 -> https://ror.org/0384j8v12 | J19: =Orgs_People!$A$8 -> https://github.com/Sydney-Informatics-Hub | L19: =Orgs_People!$A$21 -> #SonyJufri | M19: =Orgs_People!$A$12 -> https://orcid.org/0000-0002-1428-2649 | N19: Python | O19: https://github.com/Australian-Text-Analytics-Platform/keywords-analysis | P19: Tool to analyse words in a collection of corpus and identify whether certain words are over or under-represented in a particular corpus compared to their representation in other corpus | Q19: csv, xlsx, plain txt; also zip archive with the supported file formats | R19: https://github.com/Australian-Text-Analytics-Platform/keywords-analysis/blob/main/documents/keywords_help_pages.pdf | S19: Jufri, Sony & Sun, Chao (2022). Keywords Analysis. v1.0. Australian Text Analytics Platform. Software. https://github.com/Australian-Text-Analytics-Platform/keywords-analysis | T19: Analyses words in a collection of corpora and identifies whether certain words are over or under-represented in a particular corpus | V19: keyword-analysis.png | W19: https://github.com/Australian-Text-Analytics-Platform/keywords-analysis | Z19: 1
A20: ="arcp://name," & SUBSTITUTE(SUBSTITUTE(SUBSTITUTE(E20, " ", ""), "(", ""), ")", "") -> arcp://name,Lameta | B20: SoftwareApplication | C20: https://w3id.org/ldac/profile#SoftwareTool | D20: =RootDataset!$B$2 -> ./ | E20: Lameta | F20: 46123 | H20: Released | I20: =Orgs_People!A4 -> https://ror.org/01ej9dk98 | L20: =Orgs_People!A14 -> #JohnHatton | M20: =Orgs_People!A18 -> https://orcid.org/0000-0001-8797-1018 | N20: Software program | O20: https://github.com/onset/laMETA/releases, https://lameta.org | P20: Lameta is a metadata tool to help with organising collections of files. It is mainly aimed at collections made in the course of documenting language, music, and other cultural expressions. Lameta greatly simplifies management of collections and makes the archiving process straightforward and painless for field workers. | Q20: Various - text, video, audio, image, ELAN annotation (eaf) | R20: https://www.elararchive.org/uncategorized/SO_7557c4dd-1c83-485c-b95c-c0a292cfc42c/ | S20: Hatton, John, Gary Holton, Mandana Seyfeddinipur, Nick Thieberger. 2021. Lameta [software] https://github.com/onset/laMETA/releases | T20: Allows you to output a Research Object Crate (RO-Crate) from a metadata organising tool | U20: This software program helps with organising collections of files and is mainly aimed at field workers documenting language, music and other cultural expressions. A Research Object Crate (RO-Crate) output option has been added to this tool. RO-Crate is a flexible, developer-friendly approach to linked-data description and packaging. | V20: lameta.png | W20: https://github.com/onset/lameta
A21: ="arcp://name," & SUBSTITUTE(SUBSTITUTE(SUBSTITUTE(E21, " ", ""), "(", ""), ")", "") -> arcp://name,NetworkVisualiser | B21: SoftwareApplication | C21: https://w3id.org/ldac/profile#SoftwareTool | D21: =RootDataset!$B$2 -> ./ | E21: Network Visualiser | F21: 46123 | I21: =Orgs_People!$A$2 -> https://ror.org/00rqy9422 | J21: =Orgs_People!$A$10 -> https://github.com/SLCLADAL/ladal | L21: =Orgs_People!$A$16 -> https://orcid.org/0000-0003-1923-9153 | N21: R | O21: https://ladal.edu.au/tools.html#jupyter-tools | P21: Allows you to generate and download network graphs based on your data | Q21: xlsx | T21: Allows you to create and explore network visualisations | W21: https://ladal.edu.au/tools.html#network-visualiser | Y21: You will need to provide structured data describing the edges and their weights in your network of interest | Z21: 1
A22: ="arcp://name," & SUBSTITUTE(SUBSTITUTE(SUBSTITUTE(E22, " ", ""), "(", ""), ")", "") -> arcp://name,Part-of-SpeechTagger | B22: SoftwareApplication | C22: https://w3id.org/ldac/profile#SoftwareTool | D22: =RootDataset!$B$2 -> ./ | E22: Part-of-Speech Tagger | F22: 46123 | I22: =Orgs_People!$A$2 -> https://ror.org/00rqy9422 | J22: =Orgs_People!$A$10 -> https://github.com/SLCLADAL/ladal | L22: =Orgs_People!$A$16 -> https://orcid.org/0000-0003-1923-9153 | N22: R | O22: https://ladal.edu.au/tools.html#jupyter-tools | P22: Add part-of-speech tags to texts or collections of texts in more than 60 languages and download the resulting pos-tagged texts | Q22: txt | T22: Tags parts-of-speech and parses dependencies in 65+ languages | W22: https://ladal.edu.au/tools.html#part-of-speech-tagger | Z22: 1
A23: ="arcp://name," & SUBSTITUTE(SUBSTITUTE(SUBSTITUTE(E23, " ", ""), "(", ""), ")", "") -> arcp://name,POSTagger | B23: SoftwareApplication | C23: https://w3id.org/ldac/profile#SoftwareTool | D23: =RootDataset!$B$2 -> ./ | E23: POSTagger | F23: 46123 | I23: =Orgs_People!$A$2 -> https://ror.org/00rqy9422 | J23: =Orgs_People!$A$10 -> https://github.com/SLCLADAL/ladal | L23: =Orgs_People!$A$16 -> https://orcid.org/0000-0003-1923-9153 | N23: Browser-based | O23: https://ladal.edu.au/tools.html#shiny-tools | P23: Part-of-speech tagging & dependency parsing in 65+ languages | Q23: txt | T23: Tags parts-of-speech and parses dependencies in 65+ languages | W23: https://ladal.edu.au/tools.html#postagger | Z23: 1
A24: ="arcp://name," & SUBSTITUTE(SUBSTITUTE(SUBSTITUTE(E24, " ", ""), "(", ""), ")", "") -> arcp://name,QuotationTool | B24: SoftwareApplication | C24: https://w3id.org/ldac/profile#SoftwareTool | D24: =RootDataset!$B$2 -> ./ | E24: Quotation Tool | F24: 46123 | H24: Full stack migration in progress | I24: =Orgs_People!$A$5 -> https://ror.org/0384j8v12 | J24: =Orgs_People!$A$8 -> https://github.com/Sydney-Informatics-Hub | L24: =Orgs_People!$A$21 -> #SonyJufri | M24: =Orgs_People!$A$12 -> https://orcid.org/0000-0002-1428-2649 | N24: Python | O24: https://github.com/Australian-Text-Analytics-Platform/quotation-tool | P24: A tool to extract quotes and other useful information from a newspaper article/corpus | Q24: csv, xlsx, plain txt; also zip archive with the supported file formats | R24: https://github.com/Australian-Text-Analytics-Platform/quotation-tool/blob/main/documents/quotation_help_pages.pdf | S24: Jufri, Sony & Sun, Chao (2022). Quotation Tool. v1.0. Australian Text Analytics Platform. Software. https://github.com/Australian-Text-Analytics-Platform/quotation-tool | T24: Extracts quotes and other useful information from a newspaper article or corpus | V24: quotation-tool.png | W24: https://github.com/Australian-Text-Analytics-Platform/quotation-tool | Z24: 1
A25: ="arcp://name," & SUBSTITUTE(SUBSTITUTE(SUBSTITUTE(E25, " ", ""), "(", ""), ")", "") -> arcp://name,SemanticTaggerEnglish | B25: SoftwareApplication | C25: https://w3id.org/ldac/profile#SoftwareTool | D25: =RootDataset!$B$2 -> ./ | E25: Semantic Tagger (English) | F25: 46123 | H25: Full stack migration planned | I25: =Orgs_People!$A$5 -> https://ror.org/0384j8v12 | J25: =Orgs_People!$A$8 -> https://github.com/Sydney-Informatics-Hub | L25: =Orgs_People!$A$21 -> #SonyJufri | M25: =Orgs_People!$A$12 -> https://orcid.org/0000-0002-1428-2649 | N25: Python | O25: https://github.com/Australian-Text-Analytics-Platform/semantic-tagger | P25: Used to tag a text/corpus so you can extract token level semantic tags from the tagged texts | Q25: csv, xlsx, plain txt; also zip archive with the supported file formats | R25: https://github.com/Australian-Text-Analytics-Platform/semantic-tagger/blob/main/documents/semtag_help_pages.pdf | S25: Jufri, Sony & Sun, Chao (2022). Semantic Tagger. v1.0. Australian Text Analytics Platform. Software. https://github.com/Australian-Text-Analytics-Platform/semantic-tagger | T25: Allows you to tag a text or corpus and extract token-level semantic tags | V25: semantic-tagger.png | W25: https://github.com/Australian-Text-Analytics-Platform/semantic-tagger | Z25: 1
A26: ="arcp://name," & SUBSTITUTE(SUBSTITUTE(SUBSTITUTE(E26, " ", ""), "(", ""), ")", "") -> arcp://name,SentimentExplorer | B26: SoftwareApplication | C26: https://w3id.org/ldac/profile#SoftwareTool | D26: =RootDataset!$B$2 -> ./ | E26: Sentiment Explorer | F26: 46123 | I26: =Orgs_People!$A$2 -> https://ror.org/00rqy9422 | J26: =Orgs_People!$A$10 -> https://github.com/SLCLADAL/ladal | L26: =Orgs_People!$A$16 -> https://orcid.org/0000-0003-1923-9153 | N26: R | O26: https://ladal.edu.au/tools.html#jupyter-tools | P26: Allows you to perform a sentiment analysis on your texts and download the results in an MS Excel spreadsheet. | Q26: txt | T26: Scores texts for positive/negative polarity and eight emotion categories using the NRC lexicon | W26: https://ladal.edu.au/tools.html#sentiment-explorer | Z26: 1
A27: ="arcp://name," & SUBSTITUTE(SUBSTITUTE(SUBSTITUTE(E27, " ", ""), "(", ""), ")", "") -> arcp://name,SentimentExplorer | B27: SoftwareApplication | C27: https://w3id.org/ldac/profile#SoftwareTool | D27: =RootDataset!$B$2 -> ./ | E27: SentimentExplorer | F27: 46123 | I27: =Orgs_People!$A$2 -> https://ror.org/00rqy9422 | J27: =Orgs_People!$A$10 -> https://github.com/SLCLADAL/ladal | L27: =Orgs_People!$A$16 -> https://orcid.org/0000-0003-1923-9153 | N27: Browser-based | O27: https://ladal.edu.au/tools.html#shiny-tools | P27: NRC word-emotion sentiment analysis | Q27: txt | T27: Scores texts for positive/negative polarity and eight emotion categories using the NRC lexicon | W27: https://ladal.edu.au/tools.html#sentimentexplorer | Z27: 1
A28: ="arcp://name," & SUBSTITUTE(SUBSTITUTE(SUBSTITUTE(E28, " ", ""), "(", ""), ")", "") -> arcp://name,TextCleaner | B28: SoftwareApplication | C28: https://w3id.org/ldac/profile#SoftwareTool | D28: =RootDataset!$B$2 -> ./ | E28: Text Cleaner | F28: 46123 | I28: =Orgs_People!$A$2 -> https://ror.org/00rqy9422 | J28: =Orgs_People!$A$10 -> https://github.com/SLCLADAL/ladal | L28: =Orgs_People!$A$16 -> https://orcid.org/0000-0003-1923-9153 | N28: R | O28: https://ladal.edu.au/tools.html#jupyter-tools | P28: Allows you to remove and replace words, tags, and other elements from the text data that you upload (of course you can then download the cleaned texts too) | Q28: txt | T28: Removes or replaces words, tags, URLs and patterns | W28: https://ladal.edu.au/tools.html#text-cleaner
A29: ="arcp://name," & SUBSTITUTE(SUBSTITUTE(SUBSTITUTE(E29, " ", ""), "(", ""), ")", "") -> arcp://name,TextCleaner | B29: SoftwareApplication | C29: https://w3id.org/ldac/profile#SoftwareTool | D29: =RootDataset!$B$2 -> ./ | E29: TextCleaner | F29: 46123 | I29: =Orgs_People!$A$2 -> https://ror.org/00rqy9422 | J29: =Orgs_People!$A$10 -> https://github.com/SLCLADAL/ladal | L29: =Orgs_People!$A$16 -> https://orcid.org/0000-0003-1923-9153 | N29: Browser-based | O29: https://ladal.edu.au/tools.html#shiny-tools | P29: Remove and replace text elements with regex | Q29: txt | T29: Removes and replaces text elements with regex | W29: https://ladal.edu.au/tools.html#textcleaner
A30: ="arcp://name," & SUBSTITUTE(SUBSTITUTE(SUBSTITUTE(E30, " ", ""), "(", ""), ")", "") -> arcp://name,TopicExplorer | B30: SoftwareApplication | C30: https://w3id.org/ldac/profile#SoftwareTool | D30: =RootDataset!$B$2 -> ./ | E30: Topic Explorer | F30: 46123 | I30: =Orgs_People!$A$2 -> https://ror.org/00rqy9422 | J30: =Orgs_People!$A$10 -> https://github.com/SLCLADAL/ladal | L30: =Orgs_People!$A$16 -> https://orcid.org/0000-0003-1923-9153 | N30: R | O30: https://ladal.edu.au/tools.html#jupyter-tools | P30: Allows you to generate your own custom topic models using unsupervised and supervised LDA and download the results in an MS Excel spreadsheet | Q30: txt | T30: Allows you to discover latent themes using LDA topic modelling | W30: https://ladal.edu.au/tools.html#topic-explorer | Z30: 1
A31: ="arcp://name," & SUBSTITUTE(SUBSTITUTE(SUBSTITUTE(E31, " ", ""), "(", ""), ")", "") -> arcp://name,TopicDetector | B31: SoftwareApplication | C31: https://w3id.org/ldac/profile#SoftwareTool | D31: =RootDataset!$B$2 -> ./ | E31: TopicDetector | F31: 46123 | I31: =Orgs_People!$A$2 -> https://ror.org/00rqy9422 | J31: =Orgs_People!$A$10 -> https://github.com/SLCLADAL/ladal | L31: =Orgs_People!$A$16 -> https://orcid.org/0000-0003-1923-9153 | N31: Browser-based | O31: https://ladal.edu.au/tools.html#shiny-tools | P31: Unsupervised & seeded LDA topic modelling | Q31: txt | T31: Allows you to discover the thematic structure of a text using LDA topic modelling | W31: https://ladal.edu.au/tools.html#topicdetector | Z31: 1
A32: ="arcp://name," & SUBSTITUTE(SUBSTITUTE(SUBSTITUTE(E32, " ", ""), "(", ""), ")", "") -> arcp://name,WordFinder | B32: SoftwareApplication | C32: https://w3id.org/ldac/profile#SoftwareTool | D32: =RootDataset!$B$2 -> ./ | E32: WordFinder | F32: 46123 | I32: =Orgs_People!$A$2 -> https://ror.org/00rqy9422 | J32: =Orgs_People!$A$10 -> https://github.com/SLCLADAL/ladal | L32: =Orgs_People!$A$16 -> https://orcid.org/0000-0003-1923-9153 | N32: Browser-based | O32: https://ladal.edu.au/tools.html#shiny-tools | P32: Keyword-in-context concordancing | Q32: txt | T32: Searches for words or phrases and generates KWIC (Keyword-in-Context) displays | W32: https://ladal.edu.au/tools.html#wordfinder | Z32: 1
A33: ="arcp://name," & SUBSTITUTE(SUBSTITUTE(SUBSTITUTE(E33, " ", ""), "(", ""), ")", "") -> arcp://name,WordWebber | B33: SoftwareApplication | C33: https://w3id.org/ldac/profile#SoftwareTool | D33: =RootDataset!$B$2 -> ./ | E33: WordWebber | F33: 46123 | I33: =Orgs_People!$A$2 -> https://ror.org/00rqy9422 | J33: =Orgs_People!$A$10 -> https://github.com/SLCLADAL/ladal | L33: =Orgs_People!$A$16 -> https://orcid.org/0000-0003-1923-9153 | N33: Browser-based | O33: https://ladal.edu.au/tools.html#shiny-tools | P33: Word co-occurrence network visualisation | Q33: xlsx | T33: Builds interactive and static word co-occurrence networks | W33: https://ladal.edu.au/tools.html#wordwebber | Y33: You will need to provide structured data describing the edges and their weights in your network of interest | Z33: 1
